boot,bootstrap_method,bootstrap_cluster_spec,delta_ll_full,phi_offsets,phi_geometry,phi_decoder,ratio_offsets,ratio_geometry,ratio_decoder
0,cluster,worker,198.65986484815448,53.427712715465525,132.02851035418826,13.203641778500694,0.26894064765574544,0.6645957926886951,0.06646355965555946
1,cluster,worker,283.75398008673073,94.27776293695273,164.28205074842614,25.194166401351822,0.3322517728496224,0.5789594588178554,0.0887887683325221
2,cluster,worker,148.7173167484807,40.9950265291568,86.82017276525039,20.902117454073505,0.2756573842607042,0.5837932976701407,0.14054931806915513
3,cluster,worker,236.5823656923112,69.04626681423694,150.39365977166258,17.14243910641168,0.29184874625877877,0.6356926025807776,0.0724586511604436
4,cluster,worker,240.7386936839871,79.52450033985299,141.19914165977238,20.015051684361726,0.33033534876717086,0.5865244988207907,0.08314015241203845
5,cluster,worker,379.3393215660135,134.66741866127495,217.88221446220314,26.789688442535407,0.35500516557400924,0.5743728690258829,0.0706219654001079
6,cluster,worker,291.9313551932546,85.6527357603254,181.80750498700147,24.471114445927697,0.29340026083743026,0.6227748467328813,0.08382489242968831
7,cluster,worker,240.0396929676258,84.34922828518286,141.39285843275076,14.297606249692155,0.3513970012307884,0.5890394904471922,0.05956350832201938
8,cluster,worker,432.93042360344043,157.07977927802767,242.26535721136224,33.585287114050516,0.36282915386401915,0.5595942072975557,0.07757663883842517
9,cluster,worker,296.89315807155435,89.80641026983328,179.93064376184532,27.15610403987572,0.3024873016716303,0.6060451002999542,0.09146759802841538
10,cluster,worker,381.13102177839755,134.97126356192453,220.45079884664543,25.708959369827575,0.3541335022589722,0.5784121109271,0.06745438681392782
11,cluster,worker,436.1478863797629,150.8915990210415,254.48186423963244,30.774423119088926,0.345964301864476,0.5834760919099121,0.07055960622561175
12,cluster,worker,487.2081903939834,169.37813880688537,285.9162045376591,31.913847049438875,0.3476504339344478,0.5868460550846888,0.06550351098086339
13,cluster,worker,303.0658479480162,115.39727708569943,168.79753618420182,18.87103467811494,0.38076635116436186,0.5569665382196249,0.06226711061601312
14,cluster,worker,293.1575533901919,107.20135868681517,165.17375815458055,20.782436548796113,0.36567830999779993,0.5634299926590489,0.070891697343151
15,cluster,worker,413.40750826239855,141.3801988068317,243.43053537441068,28.596774081156124,0.34198749655290406,0.588839173235093,0.06917333021200268
16,cluster,worker,212.9111539465216,58.88818430069302,134.32147313776528,19.701496508063276,0.27658571760634193,0.6308803961088095,0.09253388628484836
17,cluster,worker,294.15874368039385,102.29366223362739,174.0139235619467,17.851157884819713,0.34774986102323846,0.591564681657107,0.06068545731965445
18,cluster,worker,230.16569211490878,76.94611145679065,135.16666969371082,18.052910964407296,0.3343074754093924,0.5872581115443987,0.07843441304620888
19,cluster,worker,215.3916704218459,66.47357173589829,128.80682009650081,20.111278589446783,0.30861718842566843,0.5980120765312413,0.09337073504309021
20,cluster,worker,402.82300002605007,137.5335466241851,234.58703151047496,30.702421891389953,0.34142426478947574,0.582357590046508,0.07621814516401612
21,cluster,worker,207.69868656911103,53.314698642613386,138.726130203396,15.65785772310164,0.2566925170461928,0.6679201130009811,0.07538736995282606
22,cluster,worker,235.16515442047557,81.31298105002429,138.25666667998553,15.595506690465754,0.3457696836523518,0.5879130648445579,0.06631725150309033
23,cluster,worker,393.8702666485242,134.5667475862927,231.33686937463273,27.966649687598718,0.341652465242763,0.5873428104718286,0.07100472428540833
24,cluster,worker,226.28343151755416,79.47264961144583,133.05108264216892,13.759699263939408,0.35120843394705487,0.5879842008311039,0.0608073652218412
25,cluster,worker,279.32181339596536,97.04327350228458,154.81133540465885,27.467204489021924,0.3474246150790825,0.5542400485034765,0.09833533641744097
26,cluster,worker,211.66444154322198,78.17087337502183,116.29866303520663,17.1949051329935,0.36931509518125316,0.5494482785454466,0.08123662627330011
27,cluster,worker,197.63003692526127,74.20949222148207,113.78905691980086,9.631487783978324,0.3754970316053032,0.575768029446015,0.04873493894868173
28,cluster,worker,409.0733723494377,139.85927678870794,245.27963905306177,23.934456507668,0.3418928882744235,0.5995981543465987,0.05850895737897788
29,cluster,worker,313.0303051351998,104.4798603599329,187.2659745324479,21.284470242818998,0.33376915476221186,0.5982359262358529,0.06799491900193529
30,cluster,worker,370.5292805065046,129.79710413324847,220.2844139901733,20.447762383082818,0.350301881556618,0.5945128376603592,0.05518528078302265
31,cluster,worker,323.6345045201824,101.85330391852904,204.98614269717993,16.795057904473424,0.314717072796474,0.6333877872542995,0.05189513994922644
32,cluster,worker,260.79926403405216,98.1320502561003,154.50083583636257,8.166377941589266,0.37627426066389263,0.5924128521167515,0.03131288721935578
33,cluster,worker,277.2337973165777,89.10502226060937,163.13552585323083,24.993249202737463,0.3214075019823753,0.5884402530725493,0.09015224494507527
34,cluster,worker,211.0694263995083,64.17702451142198,135.72353740208706,11.16886448599924,0.30405646903094763,0.6430279350131556,0.052915595955896615
35,cluster,worker,358.7651030395359,127.84475350389455,204.5423383322221,26.378011203419266,0.35634668037879386,0.570128857570859,0.07352446205034721
36,cluster,worker,335.05025809225117,111.58406782910332,201.6276822536788,21.838508009469024,0.33303680607337505,0.6017833963230782,0.06517979760354672
37,cluster,worker,278.34426852398246,90.40052179461621,166.61512032407992,21.328626405286286,0.32477953389878117,0.5985936811546891,0.07662678494652958
38,cluster,worker,410.36462073478106,152.80006960509462,227.95785314972696,29.60669797995948,0.3723519569779126,0.5555007464862725,0.07214729653581493
39,cluster,worker,350.19173635914694,126.43827289221447,197.34936950623097,26.404093960701477,0.3610544160943389,0.5635466203686627,0.0753989635369984
40,cluster,worker,364.82716163055466,113.97071724281119,219.60375127061826,31.252693117125165,0.312396469422484,0.6019391491826529,0.085664381394863
41,cluster,worker,289.83805808048146,92.68568864755343,174.30742544967416,22.84494398325387,0.31978439705739653,0.6013959195147276,0.07881968342787594
42,cluster,worker,273.0132908997175,90.4584279590302,162.86732671298688,19.687536227700395,0.3313334221236033,0.5965545713040427,0.07211200657235389
43,cluster,worker,219.66837374389252,71.99538187609899,129.35166584532436,18.32132602246914,0.3277457771870116,0.5888497449165495,0.0834044778964388
44,cluster,worker,316.43125620909404,97.77850129204337,199.6442018460619,19.008553070988757,0.3090039285734545,0.6309244043645909,0.06007166706195462
45,cluster,worker,398.43663370971717,131.54302394616303,249.84141370578737,17.052196057766725,0.330147915168863,0.6270543232423013,0.04279776158883568
46,cluster,worker,277.86719639778175,88.6068572620208,163.32158415480959,25.938754980951366,0.3188820357735763,0.5877684961452089,0.09334946808121478
47,cluster,worker,279.10608792033645,94.91030838017157,164.0159967811358,20.17978275902904,0.3400510146065364,0.5876475070939688,0.07230147829949461
48,cluster,worker,210.77593369538954,64.35835280534108,140.8537166305156,5.563864259532844,0.30534013858693604,0.6682628047757836,0.02639705663728034
49,cluster,worker,423.7107657100232,150.52081402887052,244.26999861787678,28.919953063275898,0.3552442519996839,0.5765017516336814,0.06825399636663462
50,cluster,worker,255.24315585120166,64.40603880111667,166.66232251039375,24.17479453969122,0.2523320893221649,0.6529551084517713,0.09471280222606371
51,cluster,worker,251.6970959688033,88.54958606322445,142.94944971013607,20.19806019544277,0.35181012209294527,0.5679423878925246,0.08024749001453012
52,cluster,worker,223.04857603710934,66.61586552168758,130.1823466028016,26.250363912620134,0.29866079714673666,0.5836502026408038,0.11768900021245943
53,cluster,worker,312.87838711719996,94.69265332689322,192.92967824862882,25.2560555416779,0.3026500302541596,0.6166283329003482,0.08072163684549206
54,cluster,worker,260.59886323374576,83.61065764852447,162.01915251697915,14.969053068242147,0.3208404542176739,0.6217185697070945,0.05744097607523162
55,cluster,worker,370.71378422634825,130.11726120665463,215.273113346719,25.323409672974623,0.3509911601431265,0.580698971838821,0.06830986801805244
56,cluster,worker,312.53155239975604,94.06603489584434,197.52893130574014,20.9365861981715,0.3009809223214858,0.6320287657006958,0.06699031197781823
57,cluster,worker,223.43520867418192,63.08650711627479,135.72678419799283,24.621917359914278,0.282348102121492,0.6074547740410625,0.11019712383744538
58,cluster,worker,264.7189856731561,95.3752196878276,153.6643161472165,15.679449838112001,0.3602885506881841,0.5804809041424144,0.05923054516940142
59,cluster,worker,278.6448507345917,87.55284984002765,165.85694309661199,25.235057797952095,0.31420946631244745,0.5952270162515587,0.09056351743599382
60,cluster,worker,207.4477776128374,58.6870591994259,129.55808645515046,19.20263195826101,0.2829003996801275,0.6245334992064676,0.09256610111340474
61,cluster,worker,382.2551577208146,128.17178521173074,231.13583155739832,22.947540951685518,0.3353042663333866,0.6046637354366624,0.060031998229950825
62,cluster,worker,219.33566604961925,63.143323177487595,141.73191833136084,14.460424540770797,0.2878844299002561,0.6461872840110624,0.06592828608868147
63,cluster,worker,277.932967318181,88.76074893974221,167.69832791087728,21.473890467561507,0.31936027523545935,0.6033768844661533,0.07726284029838727
64,cluster,worker,188.44762295975306,63.740958982229586,107.97612972974457,16.730534247778905,0.3382423082929669,0.5729768730105189,0.0887808186965142
65,cluster,worker,380.6886183686456,134.66393163964008,217.93909059280318,28.085596136202334,0.3537377403525004,0.5724864891593857,0.07377577048811378
66,cluster,worker,486.01211917896217,184.45086350394163,274.4592548392731,27.102000835747422,0.3795190618199833,0.5647168949262563,0.05576404325376044
67,cluster,worker,294.5034301773662,105.54762363620125,167.2949848879582,21.660821653206767,0.3583918312008612,0.5680578483829677,0.07355032041617113
68,cluster,worker,368.23982920789285,118.04814253526328,219.3299287965113,30.861757876118265,0.3205740747522947,0.5956170718097058,0.08380885343799951
69,cluster,worker,303.268999172657,104.95647538896597,177.91179830067622,20.40072548301479,0.34608375955107823,0.586646834282549,0.06726940616637263
70,cluster,worker,274.9559957585011,91.58845008989668,163.24469243218638,20.122853236417996,0.3331022109091976,0.5937120664776017,0.0731857226132005
71,cluster,worker,200.28011377416442,67.12616534972577,121.95534651357539,11.198601910863243,0.33516141011092665,0.6089238927190349,0.05591469717003841
72,cluster,worker,290.5686673498194,87.79618544153755,185.84778429823155,16.924697610050316,0.3021529686676044,0.6396002225335844,0.058246808798811237
73,cluster,worker,215.23623722413004,65.89628859782623,134.36851963090112,14.971428995402675,0.30615796599903866,0.6242839094561031,0.06955812454485817
74,cluster,worker,467.24187897643606,152.9772796160834,277.6594463170246,36.605153043327995,0.32740489776131204,0.5942520540437848,0.07834304819490306
75,cluster,worker,172.04271381567014,55.0029596878287,98.38043891131338,18.659315216528054,0.31970525497964375,0.5718372881325278,0.10845745688782846
76,cluster,worker,393.9535523146951,126.10894873848382,244.9560089274737,22.888594648737577,0.32011121107431056,0.6217890598732302,0.05809972905245915
77,cluster,worker,351.65085714236284,110.41669912106377,217.70218146717767,23.531976554121382,0.31399525090980374,0.6190861675592129,0.06691858153098333
78,cluster,worker,232.32600870160832,73.18532547372455,141.7259396643833,17.41474356350045,0.3150113320619273,0.6100304501267068,0.07495821781136593
79,cluster,worker,378.35940548372264,128.55354355337022,222.35620645364745,27.449655476704947,0.3397656875716301,0.5876851565758511,0.0725491558525188
80,cluster,worker,220.70991237518865,73.95138558495174,126.55533175179781,20.203195038439087,0.33506146048955193,0.5734012142448055,0.09153732526564246
81,cluster,worker,257.26072040111103,82.02640872179116,161.38332954596476,13.850982133355123,0.3188454443954706,0.6273143031487359,0.0538402524557935
82,cluster,worker,384.0165566784226,134.9183850909235,216.79525408344304,32.30291750405604,0.3513348128994991,0.5645466329853805,0.08411855411512026
83,cluster,worker,252.4306829054549,81.33651593058828,151.16016620446217,19.93400077040443,0.32221327056763527,0.5988185131245616,0.07896821630780317
84,cluster,worker,165.27711616059514,51.57572756370223,101.64995403045667,12.051434566436228,0.31205607141394903,0.6150273939417376,0.07291653464431329
85,cluster,worker,302.65088070411593,108.2018304981875,172.96585747890322,21.483192727025198,0.3575136812635616,0.571502904853602,0.07098341388283637
86,cluster,worker,376.1709237511168,133.8037453306351,220.03076776471065,22.336410655771033,0.3556993294334538,0.5849223155543196,0.059378355012226595
87,cluster,worker,351.17772913163526,125.18941733253578,204.22596657868112,21.762345220418332,0.3564845004325711,0.5815458943927768,0.061969605174652026
88,cluster,worker,232.06961387548836,82.01965892875803,130.55777099152698,19.49218395520332,0.35342696339712876,0.5625802051860816,0.08399283141678947
89,cluster,worker,231.17944998165967,67.4051829192258,142.25292421291098,21.521342849522853,0.2915708248487195,0.6153355076508593,0.09309366750042108
90,cluster,worker,347.49909334723725,129.43488750065717,192.47478367892106,25.58942216765899,0.37247546822034383,0.5538857147077253,0.07363881707193075
91,cluster,worker,163.2518688904438,46.47046869760553,101.81994422010135,14.961455972736909,0.28465504875041436,0.6236984906337053,0.09164646061588028
92,cluster,worker,251.80129082527583,82.31943190147474,152.1700814316344,17.31177749216666,0.32692219976980164,0.6043260577930268,0.06875174243717141
93,cluster,worker,402.8460814130485,134.69384511170165,238.31497000054466,29.83726630080218,0.3343556046002507,0.5915782255213106,0.07406616987843866
94,cluster,worker,123.38961847585233,43.49922978182872,78.68849542918929,1.201893264834325,0.35253557243425326,0.6377237923349997,0.009740635230747056
95,cluster,worker,317.47635217318884,112.67185931668077,182.04598846707214,22.75850438943591,0.3548984311600516,0.5734159008094023,0.07168566803054595
96,cluster,worker,214.9776738825558,63.146800695097376,132.08385740525833,19.747015782200076,0.2937365520551452,0.6144073243504202,0.09185612359443449
97,cluster,worker,361.2677012770873,127.1414790791711,210.8969582846136,23.229263913302624,0.35193148634578697,0.5837692036655625,0.0642993099886505
98,cluster,worker,261.6748542787177,83.54274771979915,158.95327871972023,19.178827839198295,0.3192616575638379,0.607445752316783,0.07329259011937904
99,cluster,worker,287.3095421050325,93.84392335504201,172.904180734863,20.561438015127504,0.3266300265124339,0.6018045188059016,0.07156545468166457
100,cluster,worker,222.3139259234731,78.60132610543383,126.01915156109112,17.69344825694816,0.35356006502485443,0.5668522609981282,0.07958767397701733
101,cluster,worker,274.7063617764761,91.5832873371825,160.81209501319123,22.310979426102374,0.33338611725236367,0.5853963263655367,0.08121755638209951
102,cluster,worker,238.17034137545443,59.54509326596553,153.82073823127394,24.804509878214958,0.2500105299513257,0.6458433797547831,0.10414609029389116
103,cluster,worker,256.71204533821174,85.03531928260843,154.13112019476665,17.545605860836684,0.3312478741329668,0.6004047063381959,0.0683474195288374
104,cluster,worker,318.79307768261697,109.83775898756022,188.62723236685798,20.328086328198726,0.34454248437888657,0.5916917448083704,0.063765770812743
105,cluster,worker,267.81914145594556,89.09051602592595,152.64526916525884,26.08335626476075,0.33265178710380094,0.5699565323652117,0.0973916805309873
106,cluster,worker,207.88331932155552,54.12278846702187,136.92289171590625,16.837639138627384,0.260351761957891,0.658652614181674,0.08099562386043488
107,cluster,worker,201.18335585956447,67.18663720844756,122.16063710267213,11.83608154844478,0.3339572347890798,0.6072104552622437,0.0588323099486765
108,cluster,worker,317.2342272767769,98.22029636029066,196.0370017037181,22.976929212768106,0.30961443600660576,0.6179566542568623,0.07242890973653186
109,cluster,worker,281.77781044034555,93.57637775420122,165.9032586165237,22.298174069620625,0.332092784765293,0.5887733258955344,0.07913388933917248
110,cluster,worker,194.35791149941906,57.172067133049566,126.71683800816807,10.469006358201417,0.29415868225781205,0.6519767424468689,0.053864575295319066
111,cluster,worker,284.24583907029546,105.74967546078126,161.09204509621514,17.40411851329903,0.3720359664952873,0.5667349278466527,0.06122910565805996
112,cluster,worker,284.2658645728675,96.78352676505543,162.93656919379092,24.545768614021124,0.3404683390687113,0.5731837322030077,0.08634792872828094
113,cluster,worker,266.20888226396437,95.60427845193436,143.93879630821203,26.665807503817934,0.3591325640184168,0.5406986990219463,0.10016873695963667
114,cluster,worker,216.8945401412857,66.51584037642117,135.9130494599903,14.465650304874238,0.30667365039752764,0.6266319538124665,0.06669439579000594
115,cluster,worker,565.7884864138232,206.44658654918717,324.8524271382832,34.48947272635284,0.36488297571716605,0.5741587800722459,0.06095824421058809
116,cluster,worker,367.7543864048753,114.53984748874593,233.8659048233465,19.34863409278281,0.3114574610746981,0.6359296135379724,0.0526129253873294
117,cluster,worker,351.5934778772921,120.96040424027167,207.47635397247387,23.156719664546547,0.34403483526075945,0.5901029655757271,0.06586219916351338
118,cluster,worker,377.8009360194492,124.81267736391881,232.56582058867144,20.422438066858906,0.3303662470478725,0.6155776717734203,0.05405608117870719
119,cluster,worker,192.99810426533668,58.748643367085144,116.88556684231798,17.363894055933542,0.30440010584931254,0.6056306474473032,0.0899692467033842
120,cluster,worker,400.2483969291561,140.01161660934682,235.82610031613842,24.410680003670826,0.3498118110742336,0.5891993625095757,0.06098882641619052
121,cluster,worker,324.9793289820482,105.51529365633873,194.23972498997514,25.224310335734263,0.32468309288117025,0.5976987077867495,0.07761819933208014
122,cluster,worker,290.57249307910934,91.33723515679215,181.52671270185857,17.708545220458596,0.31433544926747514,0.6247209113921094,0.060943639340415426
123,cluster,worker,275.772982720212,85.56701700305476,167.5380203518363,22.667945365320897,0.31028063793278676,0.6075215153393527,0.08219784672786046
124,cluster,worker,429.939136523436,157.2594051160898,242.57614215045334,30.103589256892825,0.36577131914000016,0.5642104231588847,0.07001825770111504
125,cluster,worker,243.16661854430004,80.99389090883801,143.42842272975327,18.74430490570876,0.33307980920120644,0.5898359881318311,0.07708420266696239
126,cluster,worker,274.52877461987146,97.19276481674402,164.26749717814587,13.068512624981546,0.35403489106496316,0.5983616741290607,0.04760343480597606
127,cluster,worker,226.2180811475896,75.79653033229602,131.00557072213178,19.415980093161807,0.33505955822711053,0.5791118466638433,0.08582859510904611
128,cluster,worker,274.86738053096497,96.17726975407783,163.42593331869904,15.264177458188062,0.34990426862689533,0.594562850648218,0.055532880724886484
129,cluster,worker,267.8429819627722,83.66982649511753,166.21022314007305,17.962932327581637,0.31238386715223654,0.6205509732682665,0.06706515957949692
130,cluster,worker,404.488901149457,149.07709802847813,234.09715715428212,21.31464596669669,0.3685567084902405,0.5787480360747504,0.05269525543500888
131,cluster,worker,325.7982004873302,108.74448228836043,197.29090439622684,19.762813802742887,0.33377864618558367,0.6055616762189551,0.060659677595461224
132,cluster,worker,286.59567115179607,107.88637155044381,161.51943127753913,17.18986832381309,0.3764410366592786,0.5635794519450016,0.059979511395719706
133,cluster,worker,149.36183782950593,46.09888817979026,93.93162761830604,9.331322031409627,0.30863899942374423,0.6288863941639995,0.06247460641225624
134,cluster,worker,206.5365002133408,63.552539599098424,127.94037753321768,15.04358308102466,0.3077060932738386,0.6194564999458321,0.07283740678032924
135,cluster,worker,279.9465046955661,105.31406328019814,156.72738192829053,17.9050594870774,0.37619352809824935,0.5598476112381797,0.06395886066357087
136,cluster,worker,383.6035267741445,128.7892398391879,222.0373210614895,32.776965873467056,0.33573528617482074,0.5788198115087173,0.0854449023164619
137,cluster,worker,397.1759783617563,133.05892500101524,228.8379733827014,35.27907997803958,0.33501251900945117,0.5761626730966869,0.08882480789386173
138,cluster,worker,351.24985126398315,121.01590185568047,202.6831179213631,27.55083148693954,0.34452940384231084,0.5770340320202324,0.0784365641374567
139,cluster,worker,151.28315784222104,53.62582080788351,85.31083450892456,12.346502525412992,0.3544731718504443,0.5639149507832093,0.08161187736634655
140,cluster,worker,372.4913823272291,123.83532163920304,217.63072676760308,31.02533392042293,0.33245150764431713,0.584257078399782,0.08329141395590076
141,cluster,worker,396.03872010952364,136.41914319487537,228.06221822864575,31.557358686002466,0.34445910530452417,0.5758583861839964,0.07968250851147925
142,cluster,worker,250.46491518458697,73.49625640221969,154.33036643353063,22.638292348836632,0.2934393280114886,0.6161755881848467,0.09038508380366457
143,cluster,worker,308.6313759044501,111.12308437661098,181.53845461342902,15.969836914410127,0.36005115828215023,0.5882047931174436,0.05174404860040628
144,cluster,worker,147.63974166040316,48.470398004914536,91.32117233218757,7.848171323301055,0.3283018343150776,0.6185405860587456,0.053157579626176815
145,cluster,worker,144.48001196079576,36.8326117985761,95.95483421007125,11.692565952148392,0.2549322311003859,0.6641391629736875,0.08092860592592653
146,cluster,worker,283.26404323678753,93.12263354432055,168.91110892728312,21.23030076518383,0.3287485149199717,0.5963026828155739,0.07494880226445433
147,cluster,worker,415.33023232040523,145.7461307843585,241.82093996180885,27.76316157423783,0.35091625757674944,0.5822377499725492,0.06684599245070132
148,cluster,worker,222.3592491428294,71.99888929461083,137.67859157731604,12.681768270902541,0.3237953427714776,0.6191718676333544,0.05703278959516805
149,cluster,worker,332.4093724474651,115.73334384031112,193.7480726991112,22.927955908042804,0.3481651043356244,0.5828598371718043,0.06897505849257124
150,cluster,worker,403.57651712915776,129.82441368925024,245.7279272150948,28.024176224812734,0.3216847566175466,0.6088756822698229,0.06943956111263054
151,cluster,worker,270.3393306910216,89.65661482899053,159.6876235376683,20.995092324362762,0.3316447318258015,0.5906932710437897,0.07766199713040883
152,cluster,worker,353.78526528637894,122.08522327032611,204.94626224076924,26.753779775283572,0.3450828376684983,0.5792956415945452,0.07562152073695654
153,cluster,worker,226.1839272286452,61.083360288943595,137.32163340215493,27.778933537546664,0.27006056989715077,0.6071237469642969,0.12281568313855232
154,cluster,worker,246.79724728177553,78.71368341326236,156.55269209455773,11.530871773955445,0.31894068625243893,0.634337270041821,0.04672204370574003
155,cluster,worker,274.41844531860215,96.71451342372771,157.90020339485423,19.803728500020192,0.35243444846224287,0.5753993803569973,0.07216617118075971
156,cluster,worker,373.117543825103,120.08991250074646,225.45502053034045,27.572610794016022,0.3218554433801645,0.6042466355750384,0.07389792104479694
157,cluster,worker,323.7372332199593,111.9718927807218,192.63204348926698,19.13329694997052,0.3458727674510144,0.5950259152254677,0.05910131732351786
158,cluster,worker,293.91862957409785,101.54062204882477,175.29765490131595,17.08035262395712,0.34547188177885146,0.5964155969131002,0.05811252130804831
159,cluster,worker,263.33543460976443,90.25258412537468,158.34400104219918,14.73884944219056,0.3427285973082945,0.6013015349675536,0.05596986772415187
160,cluster,worker,182.58239517094444,55.87813460992281,113.88098062152099,12.823279939500631,0.30604338691912986,0.6237237742165606,0.07023283886430956
161,cluster,worker,313.9086780313455,110.7627083632326,182.8774251912771,20.268544476835814,0.352850099773834,0.5825816168516876,0.06456828337447838
162,cluster,worker,407.9408648412855,133.08747884957407,249.78923268714072,25.06415330457063,0.32624208634100293,0.6123172602095757,0.06144065344942129
163,cluster,worker,447.44494975701764,163.71781377781448,251.63680072524247,32.09033525396065,0.36589487459121056,0.5623860563447913,0.07171906906399798
164,cluster,worker,277.5039791969557,93.82493873172537,161.3024579799936,22.376582485236746,0.33810303911041956,0.5812617838734153,0.0806351770161652
165,cluster,worker,345.81704767600877,120.89254513154627,197.76598311585573,27.15851942860672,0.34958526753952524,0.5718803756058318,0.07853435685464287
166,cluster,worker,285.7720799153667,102.12265069425469,161.08594832973387,22.563480891378124,0.35735699136353344,0.5636867967557941,0.07895621188067234
167,cluster,worker,307.8668595636873,104.79785570434031,186.07502566230514,16.993978197041844,0.3403999243467164,0.6044009606165891,0.0551991150366945
168,cluster,worker,206.09149654253315,69.79935094785718,118.33617200317575,17.955973591500193,0.33868137268561194,0.5741924047737386,0.08712622254064926
169,cluster,worker,236.07225706228883,74.76879936358849,142.04592460443,19.257533094270304,0.31671997503654303,0.6017052845262987,0.08157474043715823
170,cluster,worker,387.80233488515387,124.72979351022315,237.34526305633023,25.727278318600458,0.3216323943669947,0.6120263900077318,0.06634121562527336
171,cluster,worker,495.26503927762224,171.96824352649992,281.1648120429645,42.13198370815781,0.3472246774723435,0.5677057529702935,0.08506956955736301
172,cluster,worker,324.643208340422,108.41160222502222,195.18561729227773,21.045988823122038,0.3339407677099514,0.601231174032772,0.06482805825727653
173,cluster,worker,237.38490360286778,70.77075287415686,149.02331534607197,17.590835382638947,0.29812659440447203,0.62777081897078,0.07410258662474793
174,cluster,worker,394.32645387825596,137.73550559487282,228.71647634711846,27.874471936264626,0.34929309012932,0.5800180893208149,0.07068882054986493
175,cluster,worker,279.16287124046767,96.68631155609097,162.2012441288958,20.275315555480876,0.3463437352054117,0.5810272813435048,0.07262898345108348
176,cluster,worker,257.64926778124163,82.05868699876949,154.85953816566945,20.731042616802675,0.3184898901728757,0.601047848880959,0.08046226094616526
177,cluster,worker,286.27345050142094,96.84489258874494,173.72112971936036,15.707428193315613,0.33829505467278476,0.6068363287447017,0.05486861658251346
178,cluster,worker,290.72459143011747,92.99005999551953,178.3029455979559,19.431585836642018,0.31985618945438227,0.6133053441432568,0.06683846640236094
179,cluster,worker,251.59532116472747,82.74400367605865,152.43486634990364,16.416451138765144,0.3288773546861133,0.6058732159414828,0.06524942937240383
180,cluster,worker,238.82592423790538,83.3065071328643,138.08135255488796,17.438064550153133,0.348816852268847,0.578167353462595,0.07301579426855806
181,cluster,worker,303.3759978428052,103.75407734920911,180.54139220249013,19.080528291105942,0.34199830601948106,0.5951076996408858,0.06289399433963314
182,cluster,worker,455.174413211651,160.90332405523972,270.9663369654475,23.30475219096373,0.3534981742930737,0.5953022162505677,0.05119960945635862
183,cluster,worker,206.50690401679276,79.02465583146385,111.61502041267998,15.867227772648903,0.3826731905536568,0.5404905029402971,0.07683630650604596
184,cluster,worker,202.7138977329605,78.35073928370109,117.52645066151914,6.836707787740276,0.38650896736697476,0.5797651368547968,0.0337258957782284
185,cluster,worker,249.54251707392814,85.97884191255487,147.79446549968347,15.769209661689803,0.3445458630485932,0.5922616603883124,0.06319247656309446
186,cluster,worker,155.47456419800756,44.11495797165254,96.34704086987495,15.01256535648008,0.28374389212288836,0.6196964845463104,0.0965596233308012
187,cluster,worker,235.08598894259376,77.65791101546135,139.61357557462694,17.814502352505464,0.33033832158506404,0.5938830136266416,0.07577866478829426
188,cluster,worker,308.815288435263,113.3727765191201,172.61829559227013,22.824216323872783,0.36712164444179207,0.5589693971011287,0.07390895845707919
189,cluster,worker,306.165066579159,106.49061923928433,179.32068548967823,20.353761850196406,0.3478209334236739,0.5856993663361488,0.06647970024017727
190,cluster,worker,333.69197644909264,110.12280575786015,200.70856280212666,22.860607889105797,0.3300133462293789,0.6014785399934431,0.06850811377717787
191,cluster,worker,294.9886602206525,88.88868810283209,191.31580412747718,14.784167990343196,0.3013291698614552,0.6485530799196563,0.050117750218888375
192,cluster,worker,199.3219928209478,55.728131574808984,133.98944586231693,9.604415383821864,0.2795884728328495,0.6722260999200449,0.0481854272471055
193,cluster,worker,398.98369906086737,141.48626484347156,233.54464239712314,23.952791820272676,0.35461665520797875,0.5853488324130618,0.06003451237895945
194,cluster,worker,365.83020378223137,128.38925830510092,209.33801993213532,28.102925544995138,0.35095313885435087,0.5722272731115129,0.07681958803413629
195,cluster,worker,435.8768499792668,154.9741645774493,248.89204425921386,32.01064114260362,0.35554575698347113,0.5710145979788851,0.07343964503764368
196,cluster,worker,312.0233773537875,102.07718425434102,188.96509118212558,20.981101917320906,0.327145950152962,0.605611966592707,0.06724208325433097
197,cluster,worker,539.8505475359771,198.2183618376525,311.9657602609359,29.666425437388625,0.3671726605490619,0.577874305555179,0.05495303389575904
198,cluster,worker,257.22284070795604,73.57534432859885,167.01422216884328,16.633274210513868,0.2860373679339555,0.6492977906206501,0.06466484144539421
199,cluster,worker,573.4479242558618,207.21647583717606,333.21166581241107,33.019782606274624,0.3613518631287606,0.5810670014104684,0.057581135460770816
200,cluster,worker,215.56735304010272,69.33387318551179,138.07694072400278,8.15653913058812,0.3216343857625481,0.6405280705855114,0.037837543651940336
201,cluster,worker,349.70423523063073,128.34853664335756,198.65290322939168,22.702795357881463,0.36702025229609075,0.5680597579791381,0.06491998972477105
202,cluster,worker,179.87880383036781,65.42983910321693,103.40545474776793,11.043509979382936,0.3637440193616121,0.5748618099844771,0.06139417065391075
203,cluster,worker,254.4657306588615,92.99282886444553,143.36021676737755,18.112685027038424,0.3654434277797208,0.5633773019109093,0.07117927030936992
204,cluster,worker,336.9131187287453,130.62689940605387,194.345548398143,11.94067092454846,0.38771686866614385,0.5768417363249486,0.03544139500890764
205,cluster,worker,504.0274844439218,180.49071869175893,291.6779914005692,31.858774351593638,0.3580969773719559,0.5786946156763032,0.06320840695174085
206,cluster,worker,374.613616071415,127.16748974077821,227.7829177530562,19.663208577580537,0.3394630741786371,0.6080476202168597,0.05248930560450321
207,cluster,worker,287.37438460802514,96.39290153989653,170.66182885138306,20.319654216745523,0.33542621299172215,0.5938658349252789,0.07070795208299885
208,cluster,worker,197.6979781136988,53.98270624541532,128.80724514954068,14.908026718742802,0.27305644074098284,0.6515354703094731,0.075408088949544
209,cluster,worker,202.29901210371872,60.67616380126196,123.22568670197892,18.39716160047783,0.29993307021268734,0.6091264876706421,0.09094044211667036
210,cluster,worker,216.8774046037879,73.97610733358268,126.57068696852417,16.330610301681038,0.341096424815343,0.5836047660186429,0.07529880916601403
211,cluster,worker,283.15046781208684,90.6708702108117,174.8647923191497,17.614805282125417,0.32022150947313827,0.6175684386832762,0.06221005184358552
212,cluster,worker,207.3936111936505,59.20071087944885,132.17735083629023,16.015549477911385,0.28545098635739136,0.6373260491272884,0.0772229645153202
213,cluster,worker,308.3715583892622,115.00093585628527,174.8693428840307,18.501279648946213,0.372929774901996,0.5670735128668721,0.059996712231131774
214,cluster,worker,180.90023312872336,56.833794242602984,107.47752286522466,16.58891602089572,0.31417203427350865,0.5941259500132693,0.09170201571322205
215,cluster,worker,215.05688777525347,76.70302087092514,123.15895475278457,15.194912151543729,0.3566638653819082,0.5726808196047763,0.07065531501331529
216,cluster,worker,309.4520606183487,106.1869107324469,179.16776878354628,24.09738110235548,0.3431449463295338,0.5789839254116852,0.07787112825878093
217,cluster,worker,225.2467786839129,64.80264848141003,145.3357541822823,15.108376020220552,0.2876962274889937,0.6452290018594711,0.06707477065153514
218,cluster,worker,419.88935292825045,146.35477257698182,246.204961947959,27.329618403309567,0.3485555695954751,0.5863567633495813,0.06508766705494334
219,cluster,worker,166.24377225977696,48.347023483068526,106.72229613595815,11.174452640750284,0.2908200579539315,0.641962671354636,0.06721727069143249
220,cluster,worker,214.77877624875737,71.25666777282747,122.58085279139928,20.94125568453061,0.33176773337370075,0.5707307534401155,0.09750151318618368
221,cluster,worker,190.0773016316316,68.2761126443989,109.25880265102258,12.542386336210104,0.3592018197770795,0.5748124668918403,0.06598571333108019
222,cluster,worker,334.0600438857582,114.8108903348669,198.39799231580338,20.851161235087904,0.3436833959530039,0.5938991985035226,0.062417405543473435
223,cluster,worker,309.00961840532455,107.32705197633473,177.21488855615476,24.467677872835036,0.34732592639092225,0.5734931147796957,0.07918095882938198
224,cluster,worker,306.62343534361435,104.23308802801049,185.1291011493794,17.261246166224435,0.33993842613889824,0.6037669656329968,0.05629460822810494
225,cluster,worker,201.8357696627295,55.695855316417536,125.30212693846971,20.837787407842217,0.27594640637527296,0.6208122928252578,0.10324130079946911
226,cluster,worker,363.9965561656036,121.77316517857116,216.4819466390661,25.741444347966308,0.3345448277350441,0.5947362494841179,0.07071892278083808
227,cluster,worker,266.6115173275716,104.36013900816714,149.5162940066052,12.735084312799243,0.39143147323206334,0.560802082015468,0.04776644475246848
228,cluster,worker,222.03816710603314,64.77887017705052,141.31928262243855,15.940014306544072,0.29174655430350277,0.6364639217858085,0.07178952391068875
229,cluster,worker,407.98745336582033,143.37776730856848,238.61621530155628,25.993470755695547,0.3514269032680507,0.58486165035963,0.06371144637231921
230,cluster,worker,304.11508383131104,98.53252616278421,182.68692292772008,22.895634740806752,0.32399749766255925,0.6007164150695475,0.07528608726789324
231,cluster,worker,373.9665605696264,129.2551071678266,218.53410420332634,26.17734919847347,0.34563279393469043,0.5843680351271378,0.06999917093817183
232,cluster,worker,496.6050638308343,176.0552269327668,289.6640178024527,30.885819095614806,0.3545175829957687,0.5832884899883444,0.06219392701588699
233,cluster,worker,393.1791175045937,141.05224875014406,218.6898519549474,33.43701679950224,0.35874806791715247,0.5562092242917563,0.0850427077910911
234,cluster,worker,277.98422804168604,93.88692676101519,162.06814057416946,22.029160706501365,0.33774191946938825,0.5830119993349623,0.07924608119564938
235,cluster,worker,220.91248686395784,58.52237524780154,141.45580107545666,20.93431054069962,0.2649120295487903,0.64032505850413,0.09476291194707963
236,cluster,worker,435.0439923358408,160.09448079689582,246.21738606089684,28.732125478048143,0.36799607308059945,0.5659597429191126,0.06604418400028798
237,cluster,worker,208.42552088810135,72.82076365007758,120.0322873199963,15.57246991802746,0.34938506253835055,0.5759001431712326,0.07471479429041679
238,cluster,worker,361.23112763897825,113.15982733788421,216.08225189926236,31.989048401831646,0.31326156214028833,0.5981828125155908,0.08855562534412083
239,cluster,worker,249.75715164284202,73.86992215148241,159.63264249405034,16.254586997309236,0.29576699472100787,0.6391514374824725,0.06508156779651955
240,cluster,worker,333.40354602778916,109.62986596578389,201.57515719952104,22.198522862484197,0.32882033581204395,0.6045981202093147,0.06658154397864129
241,cluster,worker,559.8120908030323,198.98671493172995,323.6761521372285,37.14922373407383,0.3554526924316514,0.5781871407473989,0.06636016682094963
242,cluster,worker,252.70565566515324,87.76821322610544,146.18934365230575,18.748098786742045,0.34731400448908994,0.5784965250085793,0.07418947050233078
243,cluster,worker,155.18655909978224,41.82302183764167,106.91053411217905,6.453003149961508,0.26950157333374597,0.6889161969461379,0.04158222972011603
244,cluster,worker,320.04591001391964,106.77449259288203,187.55925261187977,25.712164809157834,0.33362242494596517,0.5860385861632237,0.08033898889081115
245,cluster,worker,216.86594276145888,70.72148683671169,132.83704556402662,13.307410360720572,0.32610693009783287,0.612530690031585,0.061362379870582184
246,cluster,worker,294.66192498774944,103.52944206819733,179.6267562375999,11.505726681952183,0.35134991421949596,0.6096028736833504,0.039047212097153484
247,cluster,worker,299.5143263349437,97.16893399749004,176.17222282427244,26.17316951318116,0.32442165684197377,0.5881929755415469,0.08738536761647916
248,cluster,worker,342.51395455464444,108.39787706053522,210.2120204441415,23.90405704996768,0.31647725769736923,0.6137327184741153,0.06979002382851542
249,cluster,worker,239.21349693946286,77.44484452472489,141.36280404870763,20.40584836603034,0.3237478048503411,0.590948277824315,0.08530391732534388
250,cluster,worker,257.50947626896914,86.81803574062808,156.89153013234628,13.799910395994782,0.3371450130633114,0.6092650740684695,0.05358991286821907
251,cluster,worker,217.06290804551054,77.35652874531888,123.65835562218602,16.04802367800562,0.3563783856111423,0.5696890211949946,0.07393259319386299
252,cluster,worker,234.01120941001727,88.63951997442987,135.9509806476082,9.420708787979189,0.3787832223845406,0.5809592668247138,0.040257510790745556
253,cluster,worker,282.02706970370855,99.21439864982577,167.31506121181738,15.49760984206538,0.35179033967930184,0.5932588718791956,0.05495078844150254
254,cluster,worker,212.063631204569,71.64418291893092,119.63981024572581,20.77963803991224,0.33784285646707024,0.5641693937152017,0.09798774981772798
255,cluster,worker,457.3501801849552,153.96094208113738,274.60586782572983,28.78337027808796,0.336636889524947,0.6004280302561104,0.0629350802189425
256,cluster,worker,200.58773754595268,61.738092673328076,117.91254067278055,20.93710419984404,0.30778597649412387,0.5878352391594623,0.10437878434641377
257,cluster,worker,345.9759799585431,115.68836620524431,209.56296719531716,20.72464655798164,0.334382653440585,0.605715365617082,0.05990198094233302
258,cluster,worker,268.7812577058653,94.08971587222744,155.3175161156179,19.37402571801992,0.3500605536089588,0.5778584319505868,0.0720810144404542
259,cluster,worker,293.99264434523866,92.48079791428061,176.7684629659202,24.74338346503782,0.3145684073839597,0.601268318666977,0.08416327394906317
260,cluster,worker,201.5756781420182,63.41660056043255,120.50212447739007,17.656953104195583,0.3146044262133301,0.5978009132257089,0.08759466056096087
261,cluster,worker,276.6495107721162,80.52741879890587,176.88942096837778,19.232671004832504,0.2910810092313466,0.639399001555027,0.06951998921362629
262,cluster,worker,457.62503395183467,157.66491999882132,275.01142856061807,24.948685392395262,0.3445286168837862,0.6009536370546616,0.05451774606155206
263,cluster,worker,395.3817156742298,133.64154737963523,234.29312018201074,27.447048112583765,0.33800639251044085,0.592574494201077,0.06941911328848208
264,cluster,worker,420.68425279090843,129.0171057775854,262.90668810129256,28.76045891203042,0.3066839438882217,0.6249501528928499,0.06836590321892831
265,cluster,worker,425.2578645295507,150.6856720890005,246.34968035753442,28.222512083015772,0.35433953057093787,0.579294825341004,0.06636564408805806
266,cluster,worker,396.11795963904206,147.29997253100737,223.32919998538136,25.48878712265332,0.3718588590763034,0.5637946842624544,0.06434645666124224
267,cluster,worker,175.3349497708923,57.2458103808943,104.43374027804505,13.65539911195295,0.3264940073596085,0.5956242062093561,0.07788178643103537
268,cluster,worker,240.77808584025615,75.52035543872739,143.25844437968567,21.999286021843087,0.31365128257075375,0.5949812412527038,0.09136747617654241
269,cluster,worker,236.30484479146116,72.32076553209836,151.62788719542633,12.356192063936456,0.30604859411969054,0.6416622026062894,0.05228920327401999
270,cluster,worker,227.7494644125145,72.14729844727715,135.2013576195637,20.400808345673642,0.3167836141058901,0.5936407269642501,0.0895756589298598
271,cluster,worker,424.7081505824317,149.75206266596948,252.2750222641654,22.681065652296788,0.352599926468574,0.593996187542441,0.05340388598898484
272,cluster,worker,301.1024514914616,93.84934660775106,181.52255860116944,25.730546282541052,0.31168576058708164,0.6028597831137782,0.08545445629914009
273,cluster,worker,248.01768790063716,65.78935708629206,169.96245176895832,12.26587904538678,0.26526074669581273,0.6852835908907031,0.04945566241348414
274,cluster,worker,300.95968638506656,100.60476561187943,180.48550293268954,19.869417840497587,0.33427987256459135,0.5996999302483494,0.06602019718705919
275,cluster,worker,302.80236333262565,103.74377386907227,179.85455658097604,19.20403288257732,0.34261216698335567,0.5939668191539424,0.0634210138627018
276,cluster,worker,210.13296506297684,66.7490470981107,123.3382382335388,20.04567973132733,0.3176514788058409,0.5869533045258954,0.09539521666826355
277,cluster,worker,197.40288085291832,60.24343561828769,123.54229379823497,13.617151436395641,0.3051801238056607,0.6258383528368278,0.06898152335751148
278,cluster,worker,247.2859120242856,78.76373066579528,155.00921450272517,13.512966855765171,0.31851280981206886,0.6268420761774004,0.05464511401053078
279,cluster,worker,319.1977726171608,106.23643645603335,183.07056610741853,29.890770053708895,0.33282323866166547,0.5735333445668794,0.09364341677145493
280,cluster,worker,420.01084421596534,151.3237809810598,237.59067158663447,31.096391648271034,0.3602854142100451,0.5656774696618732,0.07403711612808164
281,cluster,worker,302.6637384442747,99.6869564646926,184.13709261431282,18.839689365269273,0.329365377488214,0.6083883505860265,0.062246271925759496
282,cluster,worker,230.24864548663754,67.9871314140051,144.1382929840439,18.123221088588554,0.29527700921024846,0.6260114698151783,0.07871152097457326
283,cluster,worker,421.5788142588717,162.19030380006672,237.92227176514808,21.46623869365688,0.38472119165948715,0.5643601237016886,0.050918684638824076
284,cluster,worker,363.91995719031456,121.9701992405287,212.06178460256498,29.887973347220846,0.3351566651694881,0.5827154582007871,0.08212787662972469
285,cluster,worker,251.6026531400803,77.00384140865283,149.9540155262069,24.644796205220548,0.3060533760181805,0.5959953667210325,0.09795125726078693
286,cluster,worker,362.44260590916474,126.82666508616269,205.53629888370807,30.07964193929395,0.3499220649515691,0.5670864725413091,0.08299146250712175
287,cluster,worker,398.1613546415592,137.25495407161816,234.88117734046224,26.025223229478794,0.3447219386602212,0.5899145524856667,0.06536350885411202
288,cluster,worker,221.67079058247782,68.11620870055502,138.33119507451647,15.223386807406314,0.30728545029125426,0.6240388943939238,0.06867565531482189
289,cluster,worker,331.9331090201222,115.93041510741098,190.13547912033283,25.867214792378338,0.3492583654870751,0.5728126359001042,0.07792899861282063
290,cluster,worker,256.58530880483204,91.99156918932643,141.07494820604833,23.518791409457283,0.35852235507099317,0.5498169355960866,0.09166070933292021
291,cluster,worker,234.96971742638425,81.45661000131288,132.14531067050947,21.3677967545619,0.3466685447533602,0.5623929420262866,0.0909385132203532
292,cluster,worker,330.62419787265435,111.65123740841028,195.42727198323638,23.545688481007648,0.3376983237367723,0.5910858105386121,0.07121586572461547
293,cluster,worker,210.18490755082394,70.25178696378096,124.57582955241224,15.35729103463071,0.3342380182401711,0.5926963596198699,0.07306562213995897
294,cluster,worker,294.0779078621845,99.7954604273275,174.2692273152661,20.01322011959087,0.33935041619683737,0.5925954403787956,0.06805414342436694
295,cluster,worker,193.30159874691117,73.30354696997126,114.89479318204197,5.103258594897927,0.3792185240327331,0.5943809773269033,0.026400498640363538
296,cluster,worker,425.41697064075015,154.03272299363925,242.1198759213653,29.264371725745605,0.3620747022894734,0.5691354427085776,0.06878985500194902
297,cluster,worker,442.5058571931104,160.44251087621845,250.42308312207706,31.640263194814906,0.36257714619628423,0.5659203806036672,0.0715024732000486
298,cluster,worker,222.01116211847193,80.26631326634696,112.82767883804989,28.917170014075054,0.3615417914145884,0.5082072349940747,0.1302509735913367
299,cluster,worker,263.5638853486739,87.42190530288069,157.78668599163043,18.35529405416279,0.3316915183096064,0.5986658065193237,0.06964267517106984
